﻿<?xml version="1.0" encoding="utf-8" ?>
<Root>
  <Message>
    <MsgId>ApplicationFailure</MsgId>
    <MsgValue>Unable to proceed further. Please contact NivioCentre team.</MsgValue>
  </Message>
  <Message>
		<MsgId>M-001</MsgId>
		<MsgValue>Total Price to Pay Now: </MsgValue>
	</Message>
	<Message>
		<MsgId>PlanFirst</MsgId>
		<MsgValue>Starter Home Pack\nStarter Business Pack\nStarter Pro Pack</MsgValue>
	</Message>
	<Message>
		<MsgId>PlanSecond</MsgId>
		<MsgValue>Starter Home Pack\nStarter Business Pack\nStarter Pro Pack</MsgValue>
	</Message>
	<Message>
		<MsgId>HMCPlans</MsgId>
		<MsgValue>AUSNP004_12\nAUSNP004_24\nAUSNP004_36</MsgValue>
	</Message>
	<Message>
		<MsgId>MSRPPlans</MsgId>
		<MsgValue>MSRP-B-02\nMSRP-B-02\nMSRP-B-01</MsgValue>
	</Message>
	<Message>
		<MsgId>POCPlans</MsgId>
		<MsgValue>POC-BS-B\nPOC-BB-B\nPOC-BP-B</MsgValue>
	</Message>
	<Message>
		<MsgId>CreditCardType</MsgId>
		<MsgValue>Visa\nMasterCard\nAmex</MsgValue>
	</Message>
	<Message>
		<MsgId>M-002</MsgId>
		<MsgValue>*If you are buying after 20th of the month, then you will have to pay for remaining days of this month + toal amount for next month.</MsgValue>
	</Message>
	<Message>
		<MsgId>InsufficientCreditHeader</MsgId>
		<MsgValue>Insufficient NivioCredit</MsgValue>
	</Message>
	<Message>
		<MsgId>InsufficientCreditFT</MsgId>
		<MsgValue>Free and Trial applications have been added to your account, but you do not have enough credits to purchase all of your paid applications.</MsgValue>
	</Message>
	<Message>
		<MsgId>PurchaseSuccess</MsgId>
		<MsgValue>Purchase Complete</MsgValue>
	</Message>
	<Message>
		<MsgId>PurchaseFailHeader</MsgId>
		<MsgValue>Purchase failed</MsgValue>
	</Message>
	<Message>
		<MsgId>PurchaseFailureMsg</MsgId>
		<MsgValue>Failure while adding applications</MsgValue>
	</Message>
	<Message>
		<MsgId>M-006</MsgId>
		<MsgValue>Purchase Complete</MsgValue>
	</Message>
	<Message>
		<MsgId>InsufficientCredit</MsgId>
		<MsgValue>You do not have enough credits to purchase all of your paid applications</MsgValue>
	</Message>
	<Message>
		<MsgId>NivioOptionSuccess</MsgId>
		<MsgValue>Your applications and NivioOptions are saved successfully. You will be emailed when NivioOption setup will complete.</MsgValue>
	</Message>
	<Message>
		<MsgId>InsufficientCreditFTWithOptions</MsgId>
		<MsgValue>You do not have enough credits to purchase all of your paid applications. Your NivioOptions are added and will be emailed you as soon as setup completes.</MsgValue>
	</Message>
	<Message>
		<MsgId>ConfirmationRelogin</MsgId>
		<MsgValue>Please logoff and login again.</MsgValue>
	</Message>
	<Message>
		<MsgId>CloseCenter</MsgId>
		<MsgValue>Applications added successfully, please close NivioCenter and open gain.</MsgValue>
	</Message>
	<Message>
		<MsgId>AppRunning</MsgId>
		<MsgValue>NivioCenter already running.</MsgValue>
	</Message>
	<Message>
		<MsgId>PaidPurchaseFailed</MsgId>
		<MsgValue>Your purchase is failed. Please try again.</MsgValue>
	</Message>
	<Message>
		<MsgId>SubscriptionMessageAdminUser</MsgId>
		<MsgValue>Now your admin account will be upgraded to paid subscription. Total\nsubscription charges are ?.These\ncharges are monthly, The monthly bill for the same would come along\nwith your broadband bill.</MsgValue>
	</Message>
	<Message>
		<MsgId>SubscriptionMessageChildUser</MsgId>
		<MsgValue>Now this child user account will be upgraded to paid subscription.\nTotal subscription charges are ?. These charges are\nmonthly, The monthly bill for the same would come along with your\nbroadband bill.</MsgValue>
	</Message>
	<Message>
		<MsgId>SubscriptionMessageBothUser</MsgId>
		<MsgValue>Your admin account and the child user account will be upgraded to a\npaid subscription. Total subscription charges are ?. These\ncharges are monthly, The monthly bill for the same would come along\nwith your broadband bill.</MsgValue>
	</Message>
	<Message>
		<MsgId>ConfirmedMessageOfFinishButtonForNormalUser</MsgId>
		<MsgValue>You will now be upgraded to Monthly subscription of Nivio. Please click Yes to confirm.</MsgValue>
	</Message>
	<Message>
		<MsgId>FCChargesBothUser</MsgId>
		<MsgValue>Your  admin  account  and  the  child  user  account  will  be  charged\n? as fulfillment charges for the pool of free applications. Total\nfulfillment charges are ?. These charges are monthly,The\nmonthly bill for the same would come along with your broadband bill.</MsgValue>
	</Message>
	<Message>
		<MsgId>FCChargesChildUser</MsgId>
		<MsgValue>This child user will now be charged ? as fulfillment charges\nfor pool of free applications.Total fulfillment charges are ?.\nThese charges are monthly, The monthly bill for  the  same  would\n come along with your broadband bill.</MsgValue>
	</Message>
	<Message>
		<MsgId>FCChargesAdminUser</MsgId>
		<MsgValue>You will now be charged ? as fulfillment charges for pool of\nfree applications.Total fulfillment charges are ?. These\ncharges are monthly, The monthly bill for the same would come along\nwith your broadband bill.</MsgValue>
	</Message>
	<Message>
		<MsgId>ConfirmedMessageOfconvertingdisableusertoenable</MsgId>
		<MsgValue>You are now being billed for an extra sub user under your account. Please confirm.</MsgValue>
	</Message>
	<Message>
		<MsgId>ConfirmedMessageOfDisableUser</MsgId>
		<MsgValue>Do you want to disable this child user account? Please click ok to confirm.</MsgValue>
	</Message>
	<Message>
		<MsgId>ConfirmedMessageOfEnableUser</MsgId>
		<MsgValue>Do you want to enable this user. Please click ok to confirm.</MsgValue>
	</Message>

	<Message>
		<MsgId>AutoDebitFailedMessage</MsgId>
		<MsgValue>This transaction could not be processed. Please check your Credit Card details on file and try again. If you want to change the ccdetail please click ok.</MsgValue>
	</Message>

	<Message>
		<MsgId>ConfirmMessageWhenRemovePaidApp</MsgId>
		<MsgValue>This application still has\ndays before expiry. Do you still wish to remove it?</MsgValue>
	</Message>
	<Message>
		<MsgId>ConfirmedMessageOfRemoveUser</MsgId>
		<MsgValue>Do you want to cancel this child user account? Contract Penalty fees may apply. Please click ok to confirm.</MsgValue>
	</Message>

	<Message>
		<MsgId>ConfirmedMessageOfSwapUser</MsgId>
		<MsgValue>Do you want to transfer this child user account to another user? Please click ok to confirm.</MsgValue>
	</Message>
	<Message>
		<MsgId>ShowAddContractMessage</MsgId>
		<MsgValue>You have subscribed to ? child accounts. To date, ? child accounts have been activated. Once all subscribed accounts have been activated, then you can purchase additional accounts.</MsgValue>
	</Message>

	<Message>
		<MsgId>ConfirmedMessageOfParentCancellation</MsgId>
		<MsgValue>Please confirm cancellation of the Admin account.
		</MsgValue>
	</Message>
  <Message>
    <MsgId>ConfirmedMessageOfParentCancellation1</MsgId>
    <MsgValue>Note – All child accounts registered under this Admin account will also be cancelled. Penalty Fees may apply if any account is still under contract
    </MsgValue>
  </Message>
	<Message>
		<MsgId>ShowAddNewContractMessage</MsgId>
		<MsgValue>Your have taken ? child user contract and you have registered all ? . So please add new contract to register any new child user.</MsgValue>
	</Message>
	<Message>
		<MsgId>ShowChildnoFinish</MsgId>
		<MsgValue>You have activated your subscribed child account allocation. Please purchase additional child accounts by clicking on the "add account" button and then try again.</MsgValue>
	</Message>
	<Message>
		<MsgId>SuccessFulRegistration</MsgId>
		<MsgValue>This account is now being activated. This process can take upto 60 secs. The user will appear in the user list once activation has been completed. Please refresh the user list by clicking the nApps tab and then the "nBusiness" tab again.</MsgValue>
	</Message>
  <Message>
    <MsgId>ResetPasswordMsg</MsgId>
    <MsgValue>Specify a new password for the user. It will need to be changed the next time the user logs in.</MsgValue>
  </Message>
  <Message>
    <MsgId>ShowAmountBeforeDebit</MsgId>
    <MsgValue>Your Credit Card will be debited $. Do you wish to proceed?</MsgValue>
  </Message>
	<Message>
		<MsgId>RegistrationFail</MsgId>
		<MsgValue>There is some problem in registration.Please try after some time.</MsgValue>
	</Message>
	<Message>
		<MsgId>PaymentRegistration</MsgId>
		<MsgValue>You have insufficient amount in your account.Please click on buy credit.</MsgValue>
	</Message>
	<Message>
		<MsgId>CancelDone</MsgId>
		<MsgValue>User cancelled successfully.</MsgValue>
	</Message>
	<Message>
		<MsgId>Problemincancel</MsgId>
		<MsgValue>Some problem in cancelation.Please try after some time.</MsgValue>
	</Message>
	<Message>
		<MsgId>SelectChildUser</MsgId>
		<MsgValue>Please select Child user.</MsgValue>
	</Message>
	<Message>
		<MsgId>SuccessFullTransfer</MsgId>
		<MsgValue>User transferred successfully!</MsgValue>
	</Message>
  <Message>
    <MsgId>DisableSuccess</MsgId>
    <MsgValue>User disabled successfully.</MsgValue>
  </Message>
  <Message>
    <MsgId>DisableFail</MsgId>
    <MsgValue>Some problem in disabling user.</MsgValue>
  </Message>
  <Message>
    <MsgId>EnableSuccess</MsgId>
    <MsgValue>User enabled successfully.</MsgValue>
  </Message>
  <Message>
    <MsgId>EnableFail</MsgId>
    <MsgValue>Some problem in enabliging user.</MsgValue>
  </Message>
  <Message>
    <MsgId>CancelSuccess</MsgId>
    <MsgValue>User cancelled successfully.</MsgValue>
  </Message>
  <Message>
    <MsgId>CancelFail</MsgId>
    <MsgValue>Some problem in cancelling user.</MsgValue>
  </Message>
  <Message>
    <MsgId>DomainNamenotfound</MsgId>
    <MsgValue>Domain name not found for parent user.</MsgValue>
  </Message>
  <Message>
    <MsgId>AppLaunchIssue</MsgId>
    <MsgValue>There is some problem in launching application please try after some time.</MsgValue>
  </Message>
  <Message>
    <MsgId>AlreadyShared</MsgId>
    <MsgValue>Folder already shared.</MsgValue>
  </Message>
  <Message>
    <MsgId>FolderSharingSuccess</MsgId>
    <MsgValue>Folder shared successfully.</MsgValue>
  </Message>
  <Message>
    <MsgId>FolderSharingFailure</MsgId>
    <MsgValue>Operation failed! please try again later</MsgValue>
  </Message>
  <Message>
    <MsgId>FolderSharingAborted</MsgId>
    <MsgValue>Group sharing service aborted!</MsgValue>
  </Message>
  <Message>
    <MsgId>RootFolderCantShare</MsgId>
    <MsgValue>Can't set permission on root directory!</MsgValue>
  </Message>
  <Message>
    <MsgId>SelectFolderToShare</MsgId>
    <MsgValue>Please select folders to share!</MsgValue>
  </Message>
  <Message>
    <MsgId>ShareingUIInProgress</MsgId>
    <MsgValue>Loding the directory structure is in progress. Please wait!</MsgValue>
  </Message>
  <Message>
    <MsgId>ShareingInProgress</MsgId>
    <MsgValue>The Group Share service is still processing your previous request.</MsgValue>
  </Message>
  <Message>
    <MsgId>AppClosingWhileShareingInProgress</MsgId>
    <MsgValue>The Group Share service is in progress. Do you want to exit?</MsgValue>
  </Message>
  <Message>
    <MsgId>ConfirmedMessageOfParentActivation</MsgId>
    <MsgValue>Please confirm activation of the admin account.</MsgValue>
  </Message>
  <Message>
    <MsgId>SetPermissionToUser</MsgId>
    <MsgValue>Please set Read/Write permission for selected folder to at lease one user.</MsgValue>
  </Message>
  <Message>
    <MsgId>FillApplicationName</MsgId>
    <MsgValue>Application name can't be blank!</MsgValue>
  </Message>
  <Message>
    <MsgId>InvalidApplicationName</MsgId>
    <MsgValue>Please enter a valid application name!</MsgValue>
  </Message>
  <Message>
    <MsgId>FillVendorName</MsgId>
    <MsgValue>Vendor name can't be blank!</MsgValue>
  </Message>
  <Message>
    <MsgId>InvalidVendorName</MsgId>
    <MsgValue>Please enter a valid vendor name!</MsgValue>
  </Message>
  <Message>
    <MsgId>FillVersionNumber</MsgId>
    <MsgValue>Version name can't be blank!</MsgValue>
  </Message>
  <Message>
    <MsgId>AppRequestedSuccess</MsgId>
    <MsgValue>You have successfully requested for application</MsgValue>
  </Message>
  <Message>
    <MsgId>AppRemovalFailed</MsgId>
    <MsgValue>Operation failed! please try again later</MsgValue>
  </Message>
  
</Root>