﻿<?xml version="1.0" encoding="utf-8" ?>
<Root>
	<Mail>
		<MsgId>1</MsgId>
		<MsgFor>PayPalMailContents</MsgFor>
		<MsgSubject>Nivio - Successful Payment</MsgSubject>
		<MsgBody>

			Dear Nivio Member!&lt;br&gt;&lt;br&gt;

			Thank you for topping up your account! You can now start using your NivioCredits to purchase additional services on nivio such as Applications and Additional Storage space.&lt;br&gt;
			&lt;br&gt;
			You have topped up your account with &lt;NC&gt;NC&lt;localCurrency&gt;.&lt;br&gt;
			&lt;br&gt;

			This transaction will appear as "Nivio Australia" on the transaction statement.&lt;br&gt;&lt;br&gt;

			Warm Regards,&lt;br&gt;
			teamNivio&lt;br&gt;&lt;br&gt;

			Useful Links:&lt;br&gt;
			Website - &lt;a href="http://www.nivio.com" target="_blank"&gt;www.nivio.com&lt;/a&gt;&lt;br&gt;
			User guide and FAQ's - &lt;a href="http://www.nivio.com/faq.html" target="_blank"&gt;www.nivio.com/faq.html&lt;/a&gt;&lt;br&gt;
			Nivio Forum - &lt;a href="http://forum.nivio.com/" target="_blank"&gt;http://forum.nivio.com/ &lt;/a&gt;


		</MsgBody>
	</Mail>
	<Mail>
		<MsgId>2</MsgId>
		<MsgFor>IciciMailContents</MsgFor>
		<MsgSubject>Nivio - Successful Payment</MsgSubject>
		<MsgBody>

			Dear Nivian!&lt;br&gt;&lt;br&gt;

			That was easy!  Thank you for buying some NivioCredits- the world’s favourite currency!  You can now start using your NivioCredits to buy things on Nivio.&lt;br&gt;  &lt;br&gt;

			You have topped up your account with &lt;NC&gt;NC&lt;localCurrency&gt;.&lt;br&gt;
			&lt;br&gt;

			This transaction will appear as "Nivio" on the transaction statement.&lt;br&gt;&lt;br&gt;

			Warm Regards,&lt;br&gt;
			teamNivio&lt;br&gt;&lt;br&gt;

			Useful Links:&lt;br&gt;
			Website - &lt;a href="http://www.nivio.com" target="_blank"&gt;www.nivio.com&lt;/a&gt;&lt;br&gt;
			User guide and FAQ's - &lt;a href="http://www.nivio.com/faq.html" target="_blank"&gt;www.nivio.com/faq.html&lt;/a&gt;&lt;br&gt;
			Nivio Forum - &lt;a href="http://forum.nivio.com/" target="_blank"&gt;http://forum.nivio.com/ &lt;/a&gt;


		</MsgBody>
	</Mail>
	<Mail>
		<MsgId>3</MsgId>
		<MsgFor>OxicashMailContents</MsgFor>
		<MsgSubject>Nivio - Successful Payment</MsgSubject>
		<MsgBody>

			Dear Nivian!&lt;br&gt;&lt;br&gt;

			That was easy!  Thank you for buying some NivioCredits- the world’s favourite currency!  You can now start using your NivioCredits to buy things on Nivio.&lt;br&gt; &lt;br&gt;

			You have topped up your account with &lt;NC&gt;NC&lt;localCurrency&gt;.&lt;br&gt;
			&lt;br&gt;

			This transaction will appear as "Nivio" on the transaction statement.&lt;br&gt;&lt;br&gt;

			Warm Regards,&lt;br&gt;
			teamNivio&lt;br&gt;&lt;br&gt;

			Useful Links:&lt;br&gt;
			Website - &lt;a href="http://www.nivio.com" target="_blank"&gt;www.nivio.com&lt;/a&gt;&lt;br&gt;
			User guide and FAQ's - &lt;a href="http://www.nivio.com/faq.html" target="_blank"&gt;www.nivio.com/faq.html&lt;/a&gt;&lt;br&gt;
			Nivio Forum - &lt;a href="http://forum.nivio.com/" target="_blank"&gt;http://forum.nivio.com/ &lt;/a&gt;


		</MsgBody>
	</Mail>
	<Mail>
		<MsgId>4</MsgId>
		<MsgFor>FailureMsg</MsgFor>
		<MsgSubject>Nivio - Unsuccessful Payment</MsgSubject>
		<MsgBody>

			Dear Nivian!&lt;br&gt;&lt;br&gt;

			Oops! Something didn’t go to plan, we were not able to credit your Nivio account.&lt;br&gt;
			&lt;br&gt;

			Please contact our customer services department at support@nivio.com for more details.&lt;br&gt;&lt;br&gt;

			Warm Regards,&lt;br&gt;
			teamNivio&lt;br&gt;&lt;br&gt;

			Useful Links:&lt;br&gt;
			Website - &lt;a href="http://www.nivio.com" target="_blank"&gt;www.nivio.com&lt;/a&gt;&lt;br&gt;
			User guide and FAQ's - &lt;a href="http://www.nivio.com/faq.html" target="_blank"&gt;www.nivio.com/faq.html&lt;/a&gt;&lt;br&gt;
			Nivio Forum - &lt;a href="http://forum.nivio.com/" target="_blank"&gt;http://forum.nivio.com/ &lt;/a&gt;


		</MsgBody>
	</Mail>
	<Mail>
		<MsgId>5</MsgId>
		<MsgFor>AccountSpecificMailForSuccess</MsgFor>
		<MsgSubject>Accounts - Successful Payment</MsgSubject>
		<MsgBody>

			A successful transaction has been made by :&lt;br&gt;&lt;br&gt;

			User Name : ReplaceUsername&lt;br&gt;
			Email-Id  : ReplaceEmailId&lt;br&gt;
			Amount    : ReplaceAmount&lt;br&gt;
			Payment Gateway : ReplacePaymentGateway&lt;br&gt;
			Transaction-Id : ReplaceTranId  &lt;br&gt;


		</MsgBody>
	</Mail>
	<Mail>
		<MsgId>6</MsgId>
		<MsgFor>AccountSpecificMailForFailure</MsgFor>
		<MsgSubject>Accounts - Payment Failure</MsgSubject>
		<MsgBody>

			The transaction has failed for :&lt;br&gt;&lt;br&gt;

			User Name : ReplaceUsername&lt;br&gt;
			Email-Id  : ReplaceEmailId&lt;br&gt;
			Response Message : ReplaceResponseMessage&lt;br&gt;
			Payment Gateway : ReplacePaymentGateway &lt;br&gt;



		</MsgBody>
	</Mail>
</Root>
