﻿<?xml version="1.0" encoding="utf-8" ?>
<Root>
  <Message>
    <MsgId>EmptyFullName</MsgId>
    <MsgValue1>Full name can't be blank!</MsgValue1>
  </Message>
  <Message>
    <MsgId>FullNameNotUpdatedInHMC</MsgId>
    <MsgValue1>Full name can not be updated at this time.</MsgValue1>
    <MsgValue2>Please try again later.</MsgValue2>
  </Message>
  <Message>
    <MsgId>FullNameUpdatationSuccess</MsgId>
    <MsgValue1>Full name updated successfully.</MsgValue1>
  </Message>
  <Message>
    <MsgId>FullNameUpdatationFailure</MsgId>
    <MsgValue1>Full name can not be updated at this time.</MsgValue1>
    <MsgValue2>Please try again later.</MsgValue2>
  </Message>
  <Message>
    <MsgId>AddEmailAliasHMCFailure</MsgId>
    <MsgValue1>E-mail Alias can not be added at this time.</MsgValue1>
    <MsgValue2>Please try again later.</MsgValue2>
  </Message>
  <Message>
    <MsgId>AddEmailAliasDBFailure</MsgId>
    <MsgValue1>E-mail Alias can not be added at this time.</MsgValue1>
    <MsgValue2>Please try again later.</MsgValue2>
  </Message>
  <Message>
    <MsgId>EmailAliasExist</MsgId>
    <MsgValue1>E-mail Alias already exists.</MsgValue1>
    <MsgValue2>Please try with another alias name!</MsgValue2>
  </Message>
  <Message>
    <MsgId>EmailAliasAlreadyUsed</MsgId>
    <MsgValue1>E-mail id already used!</MsgValue1>
    <MsgValue2>Please try with another alias name!</MsgValue2>
  </Message>
  <Message>
    <MsgId>EmptyEmailAlias</MsgId>
    <MsgValue1>E-mail alias can't be blank!</MsgValue1>
  </Message>
  <Message>
    <MsgId>InvalidEmailId</MsgId>
    <MsgValue1>E-mail id is not valid!</MsgValue1>
  </Message>
  <Message>
    <MsgId>AddEmailAliasSuccess</MsgId>
    <MsgValue1>E-mail alias added successfully.</MsgValue1>
  </Message>
  <Message>
    <MsgId>AliasNotSelectedToRemove</MsgId>
    <MsgValue1>Please select an alias from the list to remove!</MsgValue1>
  </Message>
  <Message>
    <MsgId>RemoveEmailAliasHMCFailure</MsgId>
    <MsgValue1>E-mail Alias can not be removed at this time.</MsgValue1>
    <MsgValue2>Please try again later.</MsgValue2>
  </Message>
  <Message>
    <MsgId>RemoveEmailAliasDBFailure</MsgId>
    <MsgValue1>E-mail Alias can not be removed at this time.</MsgValue1>
    <MsgValue2>Please try again later.</MsgValue2>
  </Message>
  <Message>
    <MsgId>RemoveEmailAliasSuccess</MsgId>
    <MsgValue1>E-mail alias removed successfully.</MsgValue1>
  </Message>
  <Message>
    <MsgId>DeleteDLConfirmation</MsgId>
    <MsgValue1>Are you sure you want to delete this Distribution List?</MsgValue1>
  </Message>
  <Message>
    <MsgId>DeleteDLFailure</MsgId>
    <MsgValue1>The distribution list can not be deleted at this time.</MsgValue1>
    <MsgValue2>Please try again later.</MsgValue2>
  </Message>
  <Message>
    <MsgId>DeleteDLSuccess</MsgId>
    <MsgValue1>Distribution list deleted successfully.</MsgValue1>
  </Message>
  <Message>
    <MsgId>MemberNotSelectedToAddInDL</MsgId>
    <MsgValue1>Please select member to add!</MsgValue1>
  </Message>
  <Message>
    <MsgId>MemberNotSelectedToRemoveFromDL</MsgId>
    <MsgValue1>Please select member to remove!</MsgValue1>
  </Message>
  <Message>
    <MsgId>EmptyDLName</MsgId>
    <MsgValue1>Distribution list name can't be blank!</MsgValue1>
  </Message>
  <Message>
    <MsgId>DLNameAlreadyUsed</MsgId>
    <MsgValue1>Distribution list name is already used!</MsgValue1>
  </Message>
  <Message>
    <MsgId>EmptyDLEmailID</MsgId>
    <MsgValue1>E-mail id can't be blank!</MsgValue1>
  </Message>
  <Message>
    <MsgId>InvalidDLEmailID</MsgId>
    <MsgValue1>E-mail id is not valid!</MsgValue1>
  </Message>
  <Message>
    <MsgId>DLEmailIDAlreadyUsed</MsgId>
    <MsgValue1>E-mail id is already used!</MsgValue1>
  </Message>
  <Message>
    <MsgId>SaveDLSuccess</MsgId>
    <MsgValue1>Distribution list added successfully.</MsgValue1>
  </Message>
  <Message>
    <MsgId>SaveDLFailure</MsgId>
    <MsgValue1>Distribution list can not be added at this time.</MsgValue1>
    <MsgValue2>Please try again later.</MsgValue2>
  </Message>
  <Message>
    <MsgId>UpdateDLSuccess</MsgId>
    <MsgValue1>Distribution list updated successfully.</MsgValue1>
  </Message>
  <Message>
    <MsgId>UpdateDLFailure</MsgId>
    <MsgValue1>Distribution list can not be updated at this time.</MsgValue1>
    <MsgValue2>Please try again later.</MsgValue2>
  </Message>
</Root>