﻿<?xml version="1.0" encoding="utf-8" ?>
<Messages>
	<Message Name="PaidSoftwareAdded">
		<SuccessHeading>Paid Software Added</SuccessHeading>
		<SuccessMessage>? software has been successfully added to your account.</SuccessMessage>
	</Message>
	<Message Name="StorageAdded">
		<StorageAddedHeading>Storage Added</StorageAddedHeading>
		<StorageAddedMessage>? of Storage has been successfully added to your account.</StorageAddedMessage>
	</Message>
	<Message Name="StorageRemoved">
		<StorageRemovedHeading>Storage Removed</StorageRemovedHeading>
		<StorageRemovedMessage>? of Storage has been successfully removed from your account.</StorageRemovedMessage>
	</Message>
</Messages>