﻿<?xml version="1.0" encoding="utf-8" ?>
<Messages>
	<Message Name="InstallationFailed">
		<SuccessHeading>Installation Failed</SuccessHeading>
		<TechFailurte>Installation for this software failed due to some technical reasons and a mail regarding this has been forwarded to Nivio.</TechFailurte>
		<ContactUs>If you have further queries please contact us at: support@nivio.com</ContactUs>
		<NetworkFailure>Server is unalbe to process your request due to heavy network traffic. Please try again after few minutes.</NetworkFailure>
		<MailBody>
			User Name:?&lt;br&gt;
			Application Name: * &lt;br&gt;&lt;br&gt;
			Possible Reason: may be the .lnk file of * is not present or unable to hit local.biz.core.nivio.com &lt;br&gt; web service to save application data in irws_t_userapplicationrequest table.
			If application data is saved in irws_t_userapplicationrequest regarding this user then just create the .lnk file in this user program folder.&lt;br&gt;
			Thanks.&lt;br&gt;
			Sender: NivioCentre.
		</MailBody>
	</Message>
	<Message Name="StorageModificationFailed">
		<StorageSuccessHeading>Storage Process Failed</StorageSuccessHeading>
		<StorageTechFailurte>Storage process failed due to some technical reasons and a mail regarding this has been forwarded to Nivio.</StorageTechFailurte>
		<StorageContactUs>If you have further queries please contact us at: support@nivio.com</StorageContactUs>
		<StorageNetworkFailure>Server is unalbe to process your request due to heavy network traffic. Please try again after few minutes.</StorageNetworkFailure>
		<StorageMailBody>
			User Name:?&lt;br&gt;
			Application Name: * &lt;br&gt;&lt;br&gt;
			Possible Reason: may be the .lnk file of * is not present or unable to hit local.biz.core.nivio.com &lt;br&gt; web service to save application data in irws_t_userapplicationrequest table.
			If application data is saved in irws_t_userapplicationrequest regarding this user then just create the .lnk file in this user program folder.&lt;br&gt;
			Thanks.&lt;br&gt;
			Sender: NivioCentre.
		</StorageMailBody>
	</Message>
</Messages>
