﻿<?xml version="1.0" encoding="utf-8" ?>
<Messages>
	<Message Name="AddPaidSoftware">
		<Heading>Add Paid Software</Heading>
		<SubscriptionMessage>You will now be upgraded to paid subscription of Nivio.</SubscriptionMessage>
		<BillingMessage>The subscription  charges  for  this application  would  be  on monthly rental basis and the monthly bill for the same would come along with your broadband bill. Please click ok to confirm.</BillingMessage>
	</Message>
	<Message Name="AddStorage">
		<StorageHeading>Add Storage</StorageHeading>
		<StoragePrice>Price: ?</StoragePrice>
		<StorageAppPeriodMessage>You have choosen to increase your storage. ? of addional storage will be added to your account.</StorageAppPeriodMessage>
		<StorageBillingMessage>The subscription charges for additional storage would be on monthly rental basis and the monthly bill for the same would come along with your bill. Please click ok to confirm.</StorageBillingMessage>
	</Message>
	<Message Name="RemoveStorage">
		<RemoveStorageHeading>Remove Storage</RemoveStorageHeading>
		<RemoveStorageAppPeriodMessage>You have choosen to decrease your storage. ? of addional storage will be removed from your account.</RemoveStorageAppPeriodMessage>
	</Message>
	<Message Name="RemoveStorageBeyondLimit">
		<RemoveStorageHeadingBeyondLimit>Can't Remove Storage</RemoveStorageHeadingBeyondLimit>
		<RemoveStorageAppPeriodMessageBeyondLimit>? of storage can't be removed as your current usage is more than that.</RemoveStorageAppPeriodMessageBeyondLimit>
	</Message>
	<Message Name="StorageNotWorking">
		<StorageNotWorkingHeading>Storage service not working</StorageNotWorkingHeading>
		<StorageNotWorkingAppPeriodMessage>Nivio storage service is not responding at this time, please try after some time.</StorageNotWorkingAppPeriodMessage>
	</Message>
	<Message Name="SubscriptionMessage">
		<SubscriptionHeading>Subscription Message</SubscriptionHeading>
		<SubscriptionMessageAdminUser>Now your admin account will be upgraded to paid subscription. Total subscription charges are ?.These charges are monthly, The monthly bill for the same would come along with your broadband bill.</SubscriptionMessageAdminUser>
		<SubscriptionMessageChildUser>Now this child user account will be upgraded to paid subscription. Total subscription charges are ?. These charges are monthly, The monthly bill for the same would come along with your broadband bill.</SubscriptionMessageChildUser>
		<SubscriptionMessageBothUser>Your admin account and this child user account will be upgraded to paid subscription. Total subscription charges are ?. These charges are monthly, The monthly bill for the same would come along with your broadband bill.</SubscriptionMessageBothUser>
	</Message>	
	<Message Name="FCCharges">
		<FCHeading>Fulfillment Charges</FCHeading>
		<FCMessageAdminUser>Your admin account will now be charged ? as fulfillment charges for pool of free applications.Total fulfillment charges are ?. These charges are monthly, The monthly bill for the same would come along with your broadband bill.</FCMessageAdminUser>
		<FCMessageChildUser>This child user will now be charged ? as fulfillment charges for pool of free applications.Total fulfillment charges are ?. These charges are monthly, The monthly bill for  the  same  would come along with your broadband bill.</FCMessageChildUser>
		<FCMessageBothUser>Your  admin  account  and  the  child  user  account  will  be  charged ? as fulfillment charges for the pool of free applications. Total fulfillment charges are ?. These charges are monthly, The monthly bill for the same would come along with your broadband bill.</FCMessageBothUser>	
</Message>	
</Messages>