﻿<?xml version="1.0" encoding="utf-8" ?>
<Messages>
  <Message Name="AddPaidSoftware">
    <Heading>Rent</Heading>
    <AppPeriodMessage>This software will be added to your account for one month unless you select a different option below.</AppPeriodMessage>
    <AutoDebitMessage>Your Credit Card will be debited </AutoDebitMessage>
    <AutoDebitFailedMessage>This transaction could not be processed. Please check your Credit Card details on file and try again. If you want to change the ccdetail please click ok.</AutoDebitFailedMessage>    
  </Message>
  <Message Name="AddStorage">
    <StorageHeading>Add Storage</StorageHeading>
    <StorageAppPeriodMessage>You have choosen to increase your storage. ? of addional storage will be added to your account.</StorageAppPeriodMessage>
    <StorageAutoDebitMessage>Your Credit Card will be debited </StorageAutoDebitMessage>
    <StorageAutoDebitFailedMessage>This transaction could not be processed. Please check your Credit Card details on file and try again. If you want to change the ccdetail please click ok.</StorageAutoDebitFailedMessage>
	<StorageAutoDebitFailedMessageOther>This transaction could not be processed. Please contact your merchant.</StorageAutoDebitFailedMessageOther>    
  </Message>
	<Message Name="RemoveStorage">
		<RemoveStorageHeading>Remove Storage</RemoveStorageHeading>
		<RemoveStorageAppPeriodMessage>You have choosen to decrease your storage. ? of addional storage will be removed from your account.</RemoveStorageAppPeriodMessage>		
	</Message>
	<Message Name="RemoveStorageBeyondLimit">
		<RemoveStorageHeadingBeyondLimit>Can't Remove Storage</RemoveStorageHeadingBeyondLimit>
		<RemoveStorageAppPeriodMessageBeyondLimit>? of storage can't be removed as your current usage is more than that.</RemoveStorageAppPeriodMessageBeyondLimit>
	</Message>
	<Message Name="StorageNotWorking">
		<StorageNotWorkingHeading>Storage service not working</StorageNotWorkingHeading>
		<StorageNotWorkingAppPeriodMessage>Nivio storage service is not responding at this time, please try after some time.</StorageNotWorkingAppPeriodMessage>
	</Message>
  <Message Name="BasketWillGetCleared">
    <BasketClear>Basket content will be cleared. Click ok to proceed.</BasketClear>    
  </Message>
  <Message Name="LowBalanceTopUp">
    <LowBalance>Your Balance is low, if you want to top up your account please click on Top Up button.</LowBalance>
  </Message>
  <Message Name="SubscriptionMessage">
    <SubscriptionHeading>Subscription Message</SubscriptionHeading>
    <SubscriptionMessageAdminUser>Now your admin account will be upgraded to paid subscription. Total subscription charges are ?.These charges are monthly.</SubscriptionMessageAdminUser>
    <SubscriptionMessageChildUser>Now this child user account will be upgraded to paid subscription. Total subscription charges are ?. These charges are monthly.</SubscriptionMessageChildUser>
    <SubscriptionMessageBothUser>Your admin account and this child user account will be upgraded to paid subscription. Total subscription charges are ?. These charges are monthly.</SubscriptionMessageBothUser>
  </Message>
</Messages>

