﻿<?xml version="1.0" encoding="utf-8" ?>
<Root>
	<Message>
		<MsgId>AlreadyInstalled</MsgId>
		<MsgValue1>Already Installed</MsgValue1>
		<MsgValue2>This software is already installed.</MsgValue2>
		<MsgValue3>If you want to see the list of all your installed applications then you can\nsee it on Application Centre page.</MsgValue3>
	</Message>
	<Message>
		<MsgId>AlreadyInstalledInSuite</MsgId>
		<MsgValue1>Already Installed</MsgValue1>
		<MsgValue2>? is already installed as part of the suite |.</MsgValue2>
	</Message>
	<Message>
		<MsgId>InstallationInProgress</MsgId>
		<MsgValue1>Installation is in progress.</MsgValue1>
		<MsgValue2>Installation of this software is in progress and you will be\ninformed by mail when it completes.</MsgValue2>
	</Message>
	<Message>
		<MsgId>TryOnly</MsgId>
		<MsgValue1>Try Now</MsgValue1>
		<MsgValue2>You will be able to try out this software free for 30 days, after which you\nwill need to purchase it to continue using it.</MsgValue2>
	</Message>
	<Message>
		<MsgId>TryBuY</MsgId>
		<MsgValue1>Try or Buy?</MsgValue1>
		<MsgValue2>\n If you would like to try out this software free for 30 days before \n purchasing it please select 'Try'. If you  know  you will  want to\n keep this software please select 'Buy'.</MsgValue2>
	</Message>
	<Message>
		<MsgId>FreeSoftware</MsgId>
		<MsgValue1>Free Software</MsgValue1>
		<MsgValue2>? is a free software.</MsgValue2>
		<MsgValue3>This software is free. You will be able to keep using it as long as you\nkeep your Nivio account active.</MsgValue3>
		<MsgValue4>You will now be charged ? as fulfillment charges for pool\nof free applications. These charges are monthly in nature and\nyou can subscribe for any number of available free applications\nfor ?.</MsgValue4>
	</Message>
	<Message>
		<MsgId>FreeSoftwareAdded</MsgId>
		<MsgValue1>Free Software Added</MsgValue1>
		<MsgValue2>This software has been added to your account.</MsgValue2>
		<MsgValue3>This software is free. You will be able to keep using it as long as you \nkeep your Nivio account active.</MsgValue3>
	</Message>
	<Message>
		<MsgId>TrialSoftwareAdded</MsgId>
		<MsgValue1>Trial Software Added</MsgValue1>
		<MsgValue2>This software has been added to your account on trial mode.</MsgValue2>
		<MsgValue3>You will be able to try out this software free for 30 days, after which you\nwill need to purchase it to continue using it.</MsgValue3>
	</Message>
	<Message>
		<MsgId>AddPaidSoftware</MsgId>
		<MsgValue1>Add Paid Software</MsgValue1>
		<MsgValue2>This software will be added to your account for one month\nunless you select a different option below.</MsgValue2>
		<MsgValue3>You will now be upgraded to paid subscription of Nivio.\nPlease click ok to confirm.</MsgValue3>
		<MsgValue4>Your admin account will now be upgraded to paid subscription\n?Please click ok to\nconfirm.</MsgValue4>
		<MsgValue5>The subscription  charges  for  this application  would  be  on monthly\nrental basis and the monthly bill for the same would come along with\nyour broadband bill. Please click ok to confirm.</MsgValue5>
		<MsgValue6>You will now be charged ? as fulfillment charges for\npool of free applications. These charges are monthly in nature and\nyou can subscribe for any number of available free\napplications for\n?.</MsgValue6>
		<MsgValue7>Your admin account will now be upgraded to paid subscription \npkgprice. You will now be\ncharged ?/month as fulfillment charges for pool of free\napplications.</MsgValue7>
		<MsgValue8>Your account will now be upgraded to paid subscription.You\nwill now be charged ? as fulfillment charges for\npool of free applications.</MsgValue8>
	</Message>
	<Message>
		<MsgId>PaidSoftwareAdded</MsgId>
		<MsgValue1>Paid Software Added</MsgValue1>
		<MsgValue2>This software has been successfully added to your account.</MsgValue2>
	</Message>
	<Message>
		<MsgId>InsufficientCredit</MsgId>
		<MsgValue1>Insufficient Credit</MsgValue1>
		<MsgValue2>This software can not be added to your account as your \nbalance is insufficient. To add credit please top up your\naccount.</MsgValue2>
		<MsgValue3>Storage can not be added to your account as your balance\nis insufficient. To add credit please top up your account.</MsgValue3>
	</Message>
	<Message>
		
		<MsgId>ConvertTrialSoftware</MsgId>
		<MsgValue1>Convert Trial Software To Paid Mode</MsgValue1>
		<MsgValue2>You have choosen to convert your installation of this software to paid\nmode. One extra month of usage will be added unless you  select  a\ndifferent option below.</MsgValue2>
		<MsgValue3>You will now be upgraded to paid subscription of Nivio.\nPlease click ok to confirm.</MsgValue3>
		<MsgValue4>Your admin account will now be upgraded to paid subscription\n?Please click ok to\nconfirm.</MsgValue4>
		<MsgValue5>You have choosen to convert your installation of this software to paid\nmode. Charges for this application would be on a monthly rental basis\nand will be added to your broadband bill.</MsgValue5>
		<MsgValue6>You will now be charged ? as fulfillment charges for\npool of free applications. These charges are monthly in nature and\nyou can subscribe for any number of available free\napplications for\n?.</MsgValue6>
		<MsgValue7>Your admin account will now be upgraded to paid subscription \npkgprice. You will now be\ncharged ?/month as fulfillment charges for pool of free\napplications.</MsgValue7>
		<MsgValue8>Your account will now be upgraded to paid subscription.You\nwill now be charged ? as fulfillment charges for\npool of free applications.</MsgValue8>
	</Message>	
	<Message>
		<MsgId>TrialSoftwareExtended</MsgId>
		<MsgValue1>Trial Software Converted To Paid Mode</MsgValue1>
		<MsgValue2>Your installation of this software was successfully converted\nfrom trial to paid mode.</MsgValue2>
	</Message>
	<Message>
		<MsgId>ExtendPaidSoftware</MsgId>
		<MsgValue1>Extend Paid Software</MsgValue1>
		<MsgValue2>You have choosen to extend your installation of this software.\nOne extra month of usage will be added unless you select a\ndifferent option below.</MsgValue2>
		<MsgValue3>You have choosen to extend your installation of this software.\nOne extra month of usage will be added.</MsgValue3>
	</Message>
	<Message>
		<MsgId>PaidSoftwareExtended</MsgId>
		<MsgValue1>Paid Software Extended</MsgValue1>
		<MsgValue2>Your installation of this software was successfully extended.</MsgValue2>
	</Message>
	<Message>
		<MsgId>AddStorage</MsgId>
		<MsgValue1>Add Storage</MsgValue1>
		<MsgValue2>You have choosen to increase your storage. 5 GB of addional storage\nwill be added to your account.</MsgValue2>
		<MsgValue3>You will now be upgraded to paid subscription of Nivio.\nPlease click ok to confirm.</MsgValue3>
		<MsgValue4>Your admin account will now be upgraded to paid subscription\n?Please click ok to\nconfirm.</MsgValue4>
		<MsgValue5>The subscription  charges  for  this application  would  be  on monthly\nrental basis and the monthly bill for the same would come along with\nyour broadband bill. Please click ok to confirm.</MsgValue5>
		<MsgValue6>You will now be charged ? as fulfillment charges for\npool of free applications. These charges are monthly in nature and\nyou can subscribe for any number of available free\napplications for\n?.</MsgValue6>
		<MsgValue7>Your admin account will now be upgraded to paid subscription \npkgprice. You will now be\ncharged ?/month as fulfillment charges for pool of free \napplications.</MsgValue7>
		<MsgValue8>Your account will now be upgraded to paid subscription.You\nwill now be charged ? as fulfillment charges for\npool of free applications.</MsgValue8>
	</Message>
	<Message>
		<MsgId>StorageAdded</MsgId>
		<MsgValue1>Storage Added Successfully</MsgValue1>
		<MsgValue2>5 GB of addional storage added to your account.</MsgValue2>
	</Message>
	<Message>
		<MsgId>AddStorageFailed</MsgId>
		<MsgValue1>Storage Addition Failed</MsgValue1>
		<MsgValue2>Storage can't be added this time please try again after some time.</MsgValue2>
	</Message>
	<Message>
		<MsgId>AddAppsOfferedWithPackage</MsgId>
		<MsgValue1>Add Software</MsgValue1>
		<MsgValue2>This application is offered with your registration package freely. </MsgValue2>
	</Message>
	<Message>
		<MsgId>InstallationFailed</MsgId>
		<MsgValue1>Installation Failed</MsgValue1>
		<MsgValue2>Installation failed.</MsgValue2>
		<MsgValue3>Installation for this software failed due to some technical reasons but you  don't need to worry as a mail regarding this has been forwarded to Nivio and it is our promise that it will be sorted out in 1 hour! </MsgValue3>
		<MsgValue4>If you have further queries please contact us at:support@nivio.com</MsgValue4>
	</Message>
	<Message>
		<MsgId>InstallationFailedDueToSoapException</MsgId>
		<MsgValue1>Installation Failed</MsgValue1>
		<MsgValue2>Installation failed.</MsgValue2>
		<MsgValue3>Server is unalbe to process your request due to heavy network traffic. Please try again after few minutes.</MsgValue3>
		<MsgValue4>If you have further queries please contact us at:support@nivio.com</MsgValue4>
	</Message>
  <Message>
    <MsgId>ChildLoggedIn</MsgId>
    <MsgValue1>Can not remove as user is currently logged in.</MsgValue1>    
  </Message>
	
	<Message>
		<MsgId>PurchaseFailed</MsgId>
		<MsgValue1>Application Purchase Failed In NivioCentre</MsgValue1>
		<MsgValue2>
			User Name:?&lt;br&gt;
			Application Name: * &lt;br&gt;&lt;br&gt;
			Possible Reason: may be the .lnk file of * is not present or unable to hit local.biz.core.nivio.com &lt;br&gt; web service to save application data in irws_t_userapplicationrequest table.
			If application data is saved in irws_t_userapplicationrequest regarding this user then just create the .lnk file in this user program folder.&lt;br&gt;
			Thanks.&lt;br&gt;
			Sender: NivioCentre.
		</MsgValue2>
		<MsgValue3>
			User Name:?&lt;br&gt;
			Application Name: * &lt;br&gt;&lt;br&gt;
			Possible Reason: Web service of local.biz.core.nivio.com is not working properly.&lt;br&gt; Thanks.&lt;br&gt;
			Sender: NivioCentre.
		</MsgValue3>
	</Message>
	<Message>

            <MsgId>InstallationInProgressAfterSuccessfulCredit</MsgId>

            <MsgValue1>Plz wait</MsgValue1>

            <MsgValue2>Please wait for few seconds.</MsgValue2>

      </Message>
	
</Root>