﻿<?xml version="1.0" encoding="utf-8" ?>
<Message>
  <Messages>
    <Heading>Add Storage</Heading>
    <AppPeriodMessage>You have choosen to increase your storage. ? of addional storage will be added to your account.</AppPeriodMessage>
    <PrePaidSubscriptionMessage>You will now be upgraded to paid subscription of Nivio. Please click Ok to confirm.</PrePaidSubscriptionMessage>
    <PostPaidTrialSubscriptionMessage>You have choosen to convert your subscription to paid mode. Charges for this subscription would be on a monthly rental basis.</PostPaidTrialSubscriptionMessage>
    <PostPaidBaseSubscriptionMessage>Charges for this subscription would be on a monthly rental basis.</PostPaidBaseSubscriptionMessage>
    <AirtelTrialSubscriptionMessage>The subscription  charges  for  this application  would  be  on monthly rental basis and the monthly bill for the same would come along with your broadband bill. Please click ok to confirm.</AirtelTrialSubscriptionMessage>
    <FCEntitledMessage>You will now be charged ? as fulfillment charges for pool of free applications. These charges are monthly in nature and you can subscribe for any number of available free applications for ?.</FCEntitledMessage>
    <AirtelBaseSubscriptionMessage>Your account will now be upgraded to paid subscription. Please click ok to confirm.</AirtelBaseSubscriptionMessage>
    <StorageBuyingSlotMessage>Add or remove storage in increments of ? GB. You cannot remove storage which is currently in use</StorageBuyingSlotMessage>
  </Messages>
</Message>