﻿<?xml version="1.0" encoding="utf-8"?>
<Main xmlns="http://tempuri.org/DisplayMessage.xsd">
	<Message>
		<DispMssg>DisplayMessage</DispMssg>
		<Mssg>You will be disconnected from Nivio in 5 minutes.The demo was just a small taster of what Nivio has to offer.To get your own Nivio desktop FREE for 30 days, please visit http://www.nivio.com and sign up for Nivio.
		</Mssg>
	</Message>
	<Message>
		<DispMssg>MessageHeading</DispMssg>
		<Mssg>
			Your 60 minute Nivio demo is about to end!!</Mssg>
	</Message>
	<Message>
		<DispMssg>NonDesktopMessageNormal</DispMssg>
		<Mssg>With your current plan 'nivioStorage' you can not access the online desktop. You need to upgrade to the plan strPackages to access Nivio's online Desktop. For more information on the plans, visit:  http://asia.nivio.com/IN/plans.html	</Mssg>
	</Message>
	<Message>
		<DispMssg>NonDesktopMessageAirtel</DispMssg>
		<Mssg>With your current plan you can not access the Airtel's online desktop. You need to upgrade to any of the plans strPackages. For more information on 	these plans, visit: http://airtel.nivio.com	</Mssg>
	</Message>
	<Message>
		<DispMssg>WrongWayUser</DispMssg>
		<Mssg>
			You can not access nDesktop from here, please visit www.nivio.com and click
			on login.
		</Mssg>
	</Message>
</Main>