﻿<?xml version="1.0" encoding="utf-8"?>
<Main xmlns="http://tempuri.org/DisplayMessage.xsd">
  <Message>
    <DispMssg>DisplayMessage</DispMssg>
    <Mssg>
      You will be disconnected from Nivio in 3 minutes.The demo was just a small taster of what Nivio has to offer.To get your own Nivio desktop FREE for 30 days, please visit http://www.nivio.com and sign up for the Nivio Full Service plan.
    </Mssg>
  </Message>
  <Message>
    <DispMssg>MessageHeading</DispMssg>
    <Mssg>
      Your 15 minute Nivio demo is about to end...
    </Mssg>
  </Message>
  <Message>
    <DispMssg>NonDesktopMessageNormal</DispMssg>
    <Mssg>With your current plan 'nivioStorage' you can not access the online desktop.You need to upgrade to the plan strPackages to access Nivio's online Desktop. For more information on the plans,visit: http://asia.nivio.com/IN/Plans.html	</Mssg>
  </Message>
  <Message>
    <DispMssg>NonDesktopMessageAirtel</DispMssg>
    <Mssg>With your current plan you can not access the Airtel's online desktop. You need to upgrade to any of the plans strPackages. For more information on 	these plans, visit: http://airtel.nivio.com	</Mssg>
  </Message>
  <Message>
    <DispMssg>WrongWayUser</DispMssg>
    <Mssg>
      You can not access nDesktop from here, please visit www.nivio.com and click
      on login.
    </Mssg>
  </Message>
  <Message>
    <DispMssg>TicklerMessageReconnect</DispMssg>
    <Mssg>
      TicklerMessageReconnect
    </Mssg>
  </Message>

  <Message>
    <DispMssg>ShowTicklerMessage</DispMssg>
    <Mssg>
      Your Account will be expire in ? days, Click here to extend.
    </Mssg>
  </Message>
  <Message>
    <DispMssg>ShowTicklerOnReconnect</DispMssg>
    <Mssg>
      We've just connected you to your previous session. Please note, if you're accessing this session from another device or network, you will need to log off and re-login again to access connected services such as your printer.
    </Mssg>
  </Message>
  <Message>
    <DispMssg>TicklerMessageExpiry</DispMssg>
    <Mssg>
      You now have ? days left of your initial free nDesktop trial. If you'd like to extend this trial offer for another 30 days, please * for details.
    </Mssg>
  </Message>
</Main>