<?xml version="1.0" encoding="utf-8" ?> 
<Root>
<!--Table0-->
	<DesktopFile id = "1" name = "Nivioforum.lnk"/>
	<DesktopFile id = "2" name = "NivioResume.lnk"/>
	<DesktopFile id = "3" name = "Niviocontrol.lnk"/>
	<DesktopFile id="4" name="Internet Explorer.lnk"/>
<!--Table1-->
      <StartMenuFolder id="1" name="Startup"/>
      <StartMenuFolder id="2" name="Program Files"/>
      <StartMenuFolder id="3" name="Accessories"/>
<!--Table2-->
       <StartMenuFile id="1" name="Internet Explorer.lnk"/>
	<StartMenuFile id="2" name="Outlook Express.lnk"/>
</Root>
