﻿<?xml version="1.0" encoding="utf-8" ?>
<Main xmlns="http://tempuri.org/DisplayMessage.xsd">
	<Message>
		<DispMssg>DisplayMessage</DispMssg>
		<Mssg>You will be disconnected from Nivio in 3 minutes.The demo was just a small taster of what Nivio has to offer.To get your own Nivio desktop FREE for 30 days, please visit http://www.nivio.com and sign up for the Nivio Full Service plan.
		</Mssg>
	</Message>
	<Message>
		<DispMssg>MessageHeading</DispMssg>
		<Mssg>
			Your 15 minute Nivio demo is about to end...</Mssg>
	</Message>
	
	
	
</Main>
